{
  "hash": "ec72ef3a",
  "configHash": "ee2bc9f4",
  "lockfileHash": "79c023a1",
  "browserHash": "7475ca9e",
  "optimized": {
    "@angular/common": {
      "src": "../../../../../node_modules/@angular/common/fesm2022/common.mjs",
      "file": "@angular_common.js",
      "fileHash": "0262e133",
      "needsInterop": false
    },
    "@angular/common/http": {
      "src": "../../../../../node_modules/@angular/common/fesm2022/http.mjs",
      "file": "@angular_common_http.js",
      "fileHash": "e99ece65",
      "needsInterop": false
    },
    "@angular/core": {
      "src": "../../../../../node_modules/@angular/core/fesm2022/core.mjs",
      "file": "@angular_core.js",
      "fileHash": "aa803493",
      "needsInterop": false
    },
    "@angular/forms": {
      "src": "../../../../../node_modules/@angular/forms/fesm2022/forms.mjs",
      "file": "@angular_forms.js",
      "fileHash": "dd112930",
      "needsInterop": false
    },
    "@angular/platform-browser": {
      "src": "../../../../../node_modules/@angular/platform-browser/fesm2022/platform-browser.mjs",
      "file": "@angular_platform-browser.js",
      "fileHash": "224acee0",
      "needsInterop": false
    },
    "@angular/router": {
      "src": "../../../../../node_modules/@angular/router/fesm2022/router.mjs",
      "file": "@angular_router.js",
      "fileHash": "2344ad86",
      "needsInterop": false
    }
  },
  "chunks": {
    "chunk-T73LRT6D": {
      "file": "chunk-T73LRT6D.js"
    },
    "chunk-GCEM6ZEC": {
      "file": "chunk-GCEM6ZEC.js"
    },
    "chunk-X7PCTTRX": {
      "file": "chunk-X7PCTTRX.js"
    },
    "chunk-PZ7RRS6P": {
      "file": "chunk-PZ7RRS6P.js"
    }
  }
}